COUNTRY,Shape_Leng,Shape_Area,Area
India,137.10458477300,45.15228506830,496003.68330500001
