COUNTRY,Shape_Leng,Shape_Area,Area
Pakistan,83.40201151580,48.52146723330,521919.56350799999
