COUNTRY,Shape_Leng,Shape_Area,Area
Bangladesh,69.32080157020,7.32480216062,82519.20981710000
