Shape__Are,Shape__Len,Region,Area
1425334916140.00000000000,15156952.83970000036,Indian Gangetic Plain,1106675.75799999991
